,Product-ID,Base-Name,Price,Price Percentage Change 24h
0,BTC-USD,Bitcoin,109122.49,1.27956271096334
1,BTC-USDC,Bitcoin,109122.49,1.27956271096334
2,ETH-USDC,Ethereum,2543.38,0.78020676073527
3,ETH-USD,Ethereum,2543.38,0.78020676073527
4,SOL-USD,Solana,174.36,1.16036203295428
5,SOL-USDC,Solana,174.36,1.16036203295428
6,XRP-USDC,XRP,2.3142,0.26428664269312
7,XRP-USD,XRP,2.3142,0.26428664269312
8,MOODENG-USD,Moo Deng,0.2512,1.12721417069243
9,MOODENG-USDC,Moo Deng,0.2512,1.12721417069243
10,USDT-USD,Tether,1.00037,0.00399868043546
11,PEPE-USD,Pepe,0.00001369,4.42410373760488
12,PEPE-USDC,Pepe,0.00001369,4.42410373760488
13,SUI-USDC,SUI,3.4755,-1.83312620042933
14,SUI-USD,SUI,3.4755,-1.83312620042933
15,DOGE-USDC,Dogecoin,0.22444,1.96256587316009
16,DOGE-USD,Dogecoin,0.22444,1.96256587316009
17,USDC-EUR,USDC,0.8782,-0.23855503805521
18,TRUMP-USD,OFFICIAL TRUMP,12.74,1.11111111111111
19,TRUMP-USDC,OFFICIAL TRUMP,12.74,1.11111111111111
20,BONK-USD,Bonk,0.00002007,1.72326406487582
21,BONK-USDC,Bonk,0.00002007,1.72326406487582
22,FET-USD,Artificial Superintelligence Alliance,0.8748,7.86683107274969
23,FET-USDC,Artificial Superintelligence Alliance,0.8748,7.86683107274969
24,BTC-EUR,Bitcoin,95834.19,1.04309278930953
25,BTC-USDT,Bitcoin,109077.54,1.27412556714975
26,ADA-USD,Cardano,0.7554,0.78719146097398
27,ADA-USDC,Cardano,0.7554,0.78719146097398
28,WIF-USD,dogwifhat,1.115,5.78747628083491
29,WIF-USDC,dogwifhat,1.115,5.78747628083491
30,LINK-USDC,Chainlink,15.52,2.65908188913877
31,LINK-USD,Chainlink,15.52,2.65908188913877
32,XLM-USD,Stellar Lumens,0.28452,0.28620976496962
33,XLM-USDC,Stellar Lumens,0.28452,0.28620976496962
34,COOKIE-USD,Cookie DAO,0.26138,-8.31988775868116
35,COOKIE-USDC,Cookie DAO,0.26138,-8.31988775868116
36,AAVE-USD,Aave,267.28,0.90988031864688
37,AAVE-USDC,Aave,267.28,0.90988031864688
38,AERGO-USDC,Aergo,0.1606,-3.83233532934132
39,AERGO-USD,Aergo,0.1606,-3.83233532934132
40,ONDO-USDC,Ondo Finance,0.93357,0.84689920387154
41,ONDO-USD,Ondo Finance,0.93357,0.84689920387154
42,UNI-USDC,Uniswap,6.413,5.84254827529295
43,UNI-USD,Uniswap,6.413,5.84254827529295
44,ETH-USDT,Ethereum,2542.19,0.72946136351029
45,HBAR-USDC,Hedera,0.18565,0.25380710659898
46,HBAR-USD,Hedera,0.18565,0.25380710659898
47,LTC-USDC,Litecoin,94.91,0.26410310585252
48,LTC-USD,Litecoin,94.91,0.26410310585252
49,SYRUP-USDC,Maple Finance,0.4198,-6.71111111111111
50,SYRUP-USD,Maple Finance,0.4198,-6.71111111111111
51,BTC-GBP,Bitcoin,80463.38,1.0862229512118
52,TAO-USD,Bittensor,429.83,1.70121143289797
53,TAO-USDC,Bittensor,429.83,1.70121143289797
54,ZORA-USD,Zora,0.01132,17.30569948186528
55,ZORA-USDC,Zora,0.01132,17.30569948186528
56,TOSHI-USD,Toshi,0.0007087,10.8036272670419
57,TOSHI-USDC,Toshi,0.0007087,10.8036272670419
58,CRV-USD,Curve DAO Token,0.7498,0.56330472103004
59,CRV-USDC,Curve DAO Token,0.7498,0.56330472103004
60,ETH-EUR,Ethereum,2233.88,0.56226056658219
61,SHIB-USDC,SHIBA INU,0.00001429,1.06082036775106
62,SHIB-USD,SHIBA INU,0.00001429,1.06082036775106
63,POPCAT-USDC,Popcat (SOL),0.4617,0.32594524119948
64,POPCAT-USD,Popcat (SOL),0.4617,0.32594524119948
65,AVAX-USD,Avalanche,23.03,2.49221183800623
66,AVAX-USDC,Avalanche,23.03,2.49221183800623
67,DEGEN-USD,Degen,0.005477,2.81584381452975
68,DEGEN-USDC,Degen,0.005477,2.81584381452975
69,AERO-USD,Aerodrome Finance,0.58909,2.40413030629628
70,AERO-USDC,Aerodrome Finance,0.58909,2.40413030629628
71,XCN-USDC,Onyxcoin,0.01847,-2.53298153034301
72,XCN-USD,Onyxcoin,0.01847,-2.53298153034301
73,PNUT-USDC,Peanut the Squirrel,0.3142,-0.53814498258943
74,PNUT-USD,Peanut the Squirrel,0.3142,-0.53814498258943
75,RENDER-USDC,Render,4.705,2.55013077593723
76,RENDER-USD,Render,4.705,2.55013077593723
77,ARB-USDC,Arbitrum,0.3912,1.79547228727557
78,ARB-USD,Arbitrum,0.3912,1.79547228727557
79,BCH-USD,Bitcoin Cash,415.1,-0.12751726295022
80,BCH-USDC,Bitcoin Cash,415.1,-0.12751726295022
81,USDT-EUR,Tether,0.87851,-0.2441350805078
82,ETH-GBP,Ethereum,1875.06,0.56583230982939
83,INJ-USDC,Injective,13.464,7.49700598802395
84,INJ-USD,Injective,13.464,7.49700598802395
85,VOXEL-USDC,Voxies,0.0728,5.05050505050505
86,VOXEL-USD,Voxies,0.0728,5.05050505050505
87,TIA-USDC,Celestia,2.598,4.21179302045728
88,TIA-USD,Celestia,2.598,4.21179302045728
89,EURC-USDC,EURC,1.1385,0.22889338850251
90,DOT-USDC,Polkadot,4.454,0.17993702204229
91,DOT-USD,Polkadot,4.454,0.17993702204229
92,SOL-EUR,Solana,153.11,0.89621087314662
93,XRP-EUR,XRP,2.0329,0.08369436786136
94,ICP-USDC,Internet Computer,5.255,2.61667643038469
95,ICP-USD,Internet Computer,5.255,2.61667643038469
96,JASMY-USDC,Jasmy,0.01721,0.34985422740525
97,JASMY-USD,Jasmy,0.01721,0.34985422740525
98,NEAR-USDC,NEAR Protocol,2.759,2.56505576208178
99,NEAR-USD,NEAR Protocol,2.759,2.56505576208178
100,WLD-USDC,Worldcoin,1.347,-0.8100147275405
101,WLD-USD,Worldcoin,1.347,-0.8100147275405
102,ALGO-USDC,Algorand,0.2173,0.64844835572024
103,ALGO-USD,Algorand,0.2173,0.64844835572024
104,AAVE-EUR,Aave,234.58,0.60470901059313
105,RNDR-USDC,Render (ERC-20),4.7017,2.52066025599093
106,RNDR-USD,Render (ERC-20),4.7017,2.52066025599093
107,SOL-USDT,Solana,174.17,0.96811594202899
108,IMX-USD,Immutable,0.626,1.49156939040208
109,IMX-USDC,Immutable,0.626,1.49156939040208
110,SXT-USD,Space and Time,0.1206,-1.71149144254279
111,SXT-USDC,Space and Time,0.1206,-1.71149144254279
112,PENGU-USD,Pudgy Penguins,0.01236,-0.32258064516129
113,PENGU-USDC,Pudgy Penguins,0.01236,-0.32258064516129
114,USDC-GBP,USDC,0.7372,-0.20305942872614
115,FET-USDT,Artificial Superintelligence Alliance,0.8744,7.88402220851326
116,MOG-USDC,Mog Coin,0.00000115,1.76991150442478
117,MOG-USD,Mog Coin,0.00000115,1.76991150442478
118,STX-USD,Stacks,0.8793,2.04247417894859
119,STX-USDC,Stacks,0.8793,2.04247417894859
120,VET-USDC,vechain,0.02742,2.58136924803591
121,VET-USD,vechain,0.02742,2.58136924803591
122,SEI-USD,Sei,0.2193,1.62187210379981
123,SEI-USDC,Sei,0.2193,1.62187210379981
124,ATOM-USDC,Cosmos,4.768,0.86735773217686
125,ATOM-USD,Cosmos,4.768,0.86735773217686
126,QNT-USD,Quant,100.06,7.0847602739726
127,QNT-USDC,Quant,100.06,7.0847602739726
128,KAITO-USD,Kaito,2.0055,7.78201752028806
129,KAITO-USDC,Kaito,2.0055,7.78201752028806
130,TURBO-USD,Turbo,0.005184,3.47305389221557
131,TURBO-USDC,Turbo,0.005184,3.47305389221557
132,APT-USD,Aptos,5.29,2.91828793774319
133,APT-USDC,Aptos,5.29,2.91828793774319
134,DOGINME-USDC,doginme,0.0007673,6.30368523136603
135,DOGINME-USD,doginme,0.0007673,6.30368523136603
136,XRP-USDT,XRP,2.3087,0.05200433369447
137,GRT-USDC,The Graph,0.1085,2.8436018957346
138,GRT-USD,The Graph,0.1085,2.8436018957346
139,SUSHI-USDC,SushiSwap,0.7186,1.14004222378607
140,SUSHI-USD,SushiSwap,0.7186,1.14004222378607
141,TRB-USD,Tellor,32.9,0.85836909871245
142,TRB-USDC,Tellor,32.9,0.85836909871245
143,KEYCAT-USD,Keyboard Cat,0.005589,12.04891740176423
144,KEYCAT-USDC,Keyboard Cat,0.005589,12.04891740176423
145,USDT-GBP,Tether,0.7374,-0.21650879566982
146,OP-USD,Optimism,0.756,3.98899587345254
147,OP-USDC,Optimism,0.756,3.98899587345254
148,ZEC-USDC,Zcash,54.93,5.63461538461538
149,ZEC-USD,Zcash,54.93,5.63461538461538
150,KERNEL-USD,KernelDAO,0.1765,1.37851809304997
151,KERNEL-USDC,KernelDAO,0.1765,1.37851809304997
152,AIOZ-USD,AIOZ Network,0.4301,3.43915343915344
153,AIOZ-USDC,AIOZ Network,0.4301,3.43915343915344
154,SUPER-USD,SuperVerse,0.81609,6.84743188572775
155,SUPER-USDC,SuperVerse,0.81609,6.84743188572775
156,HBAR-USDT,Hedera,0.18554,0.2052279109959
157,OCEAN-USDC,Ocean Protocol,0.4059,15.54227156276687
158,OCEAN-USD,Ocean Protocol,0.4059,15.54227156276687
159,ACH-USDC,Alchemy Pay,0.023546,0.93017274636718
160,ACH-USD,Alchemy Pay,0.023546,0.93017274636718
161,SWFTC-USD,SwftCoin,0.014158,0.64690410179854
162,SWFTC-USDC,SwftCoin,0.014158,0.64690410179854
163,ADA-EUR,Cardano,0.6635,0.42379294687453
164,BCH-EUR,Bitcoin Cash,364.37,-0.38003062117235
165,B3-USDC,B3 (Base),0.004538,-0.26373626373626
166,B3-USD,B3 (Base),0.004538,-0.26373626373626
167,PRIME-USD,Echelon Prime,3.29,2.68414481897628
168,PRIME-USDC,Echelon Prime,3.29,2.68414481897628
169,GODS-USD,Gods Unchained,0.16391,-0.23737066342057
170,GODS-USDC,Gods Unchained,0.16391,-0.23737066342057
171,CBETH-USD,Coinbase Wrapped Staked ETH,2796.13,0.77633091736076
172,CBETH-USDC,Coinbase Wrapped Staked ETH,2796.13,0.77633091736076
173,PYTH-USDC,Pyth Network,0.1334,1.83206106870229
174,PYTH-USD,Pyth Network,0.1334,1.83206106870229
175,MKR-USDC,Maker,1618.26,-0.29880907640271
176,MKR-USD,Maker,1618.26,-0.29880907640271
177,AAVE-GBP,Aave,196.79,0.31605240352755
178,MATIC-USDC,Polygon,0.2298,-0.39011703511053
179,MATIC-USD,Polygon,0.2298,-0.39011703511053
180,IO-USD,io.net,0.971,4.52099031216362
181,IO-USDC,io.net,0.971,4.52099031216362
182,FIL-USDC,Filecoin,2.786,0.32409074540871
183,FIL-USD,Filecoin,2.786,0.32409074540871
184,ETH-DAI,Ethereum,2543.64,0.78252221768778
185,ATH-USDC,Aethir,0.05258,11.61112290384207
186,ATH-USD,Aethir,0.05258,11.61112290384207
187,GIGA-USDC,Gigachad,0.0233,1.34841235319704
188,GIGA-USD,Gigachad,0.0233,1.34841235319704
189,LDO-USDC,Lido DAO Token,0.887,3.74269005847953
190,LDO-USD,Lido DAO Token,0.887,3.74269005847953
191,DOGE-USDT,Dogecoin,0.2241,1.63265306122449
192,PROMPT-USDC,Wayfinder,0.21901,1.10798208762292
193,PROMPT-USD,Wayfinder,0.21901,1.10798208762292
194,BERA-USDC,Berachain,2.819,-2.21990981616372
195,BERA-USD,Berachain,2.819,-2.21990981616372
196,WELL-USD,Moonwell,0.031932,0.00313175284207
197,WELL-USDC,Moonwell,0.031932,0.00313175284207
198,PRO-USDC,Propy,1.0735,-0.2045179882867
199,PRO-USD,Propy,1.0735,-0.2045179882867
200,MASK-USD,Mask Network,1.89,14.54545454545455
201,MASK-USDC,Mask Network,1.89,14.54545454545455
202,POL-USD,Polygon Ecosystem Token,0.2299,-0.17368649587495
203,POL-USDC,Polygon Ecosystem Token,0.2299,-0.17368649587495
204,IP-USDC,Story,4.242,1.33779264214047
205,IP-USD,Story,4.242,1.33779264214047
206,USDT-USDC,Tether,1.0004,0.0
207,FLR-USD,Flare,0.01845,-1.33689839572193
208,FLR-USDC,Flare,0.01845,-1.33689839572193
209,SHIB-EUR,SHIBA INU,0.00001256,0.88353413654618
210,SAFE-USD,Safe,0.5626,5.25724976613658
211,SAFE-USDC,Safe,0.5626,5.25724976613658
212,XYO-USD,XYO,0.01243,-0.08038585209003
213,XYO-USDC,XYO,0.01243,-0.08038585209003
214,SOL-GBP,Solana,128.51,0.91880006282394
215,ETC-USDC,Ethereum Classic,18.17,0.38674033149171
216,ETC-USD,Ethereum Classic,18.17,0.38674033149171
217,EOS-USD,EOS,0.7623,2.22609628536945
218,EOS-USDC,EOS,0.7623,2.22609628536945
219,DOGE-EUR,Dogecoin,0.1969,1.59958720330237
220,LRC-USD,Loopring,0.0995,0.50505050505051
221,LRC-USDC,Loopring,0.0995,0.50505050505051
222,PNG-USD,Pangolin,0.19585,17.31057202755316
223,PNG-USDC,Pangolin,0.19585,17.31057202755316
224,UNI-GBP,Uniswap,4.72,5.82959641255605
225,RARE-USD,SuperRare,0.0622,4.71380471380471
226,RARE-USDC,SuperRare,0.0622,4.71380471380471
227,ENS-USDC,Ethereum Name Service,21.8,-0.13742556115437
228,ENS-USD,Ethereum Name Service,21.8,-0.13742556115437
229,PRCL-USDC,Parcl,0.1033,2.78606965174129
230,PRCL-USD,Parcl,0.1033,2.78606965174129
231,AKT-USDC,Akash Network,1.516,2.36326806212019
232,AKT-USD,Akash Network,1.516,2.36326806212019
233,ETHFI-USDC,ether.fi,1.205,2.5531914893617
234,ETHFI-USD,ether.fi,1.205,2.5531914893617
235,JTO-USDC,Jito,1.9394,1.02620201073084
236,JTO-USD,Jito,1.9394,1.02620201073084
237,SYN-USDC,Synapse,0.235,8.7962962962963
238,SYN-USD,Synapse,0.235,8.7962962962963
239,FLOKI-USDC,FLOKI,0.0000973,3.51063829787234
240,FLOKI-USD,FLOKI,0.0000973,3.51063829787234
241,COW-USD,CoW Protocol,0.3951,0.68807339449541
242,COW-USDC,CoW Protocol,0.3951,0.68807339449541
243,LINK-GBP,Chainlink,11.42,2.05540661304736
244,DOGE-GBP,Dogecoin,0.1652,1.5990159901599
245,SKL-USD,SKALE,0.024,3.8961038961039
246,SKL-USDC,SKALE,0.024,3.8961038961039
247,ADA-USDT,Cardano,0.753,0.52062474969964
248,ROSE-USDC,Oasis Network,0.03318,5.50079491255962
249,ROSE-USD,Oasis Network,0.03318,5.50079491255962
250,EIGEN-USD,EigenLayer,1.437,7.4794315632012
251,EIGEN-USDC,EigenLayer,1.437,7.4794315632012
252,XTZ-USD,Tezos,0.607,0.16501650165017
253,XTZ-USDC,Tezos,0.607,0.16501650165017
254,BOBA-USDC,Boba Network,0.0988,1.75077239958805
255,BOBA-USD,Boba Network,0.0988,1.75077239958805
256,PENDLE-USD,Pendle,4.308,-1.77838577291382
257,PENDLE-USDC,Pendle,4.308,-1.77838577291382
258,HNT-USDC,Helium,4.095,-0.41342412451362
259,HNT-USD,Helium,4.095,-0.41342412451362
260,RNDR-USDT,Render (ERC-20),4.7019,2.36877054712504
261,CRO-USDC,Cronos,0.0964,1.0482180293501
262,CRO-USD,Cronos,0.0964,1.0482180293501
263,ZRO-USDC,LayerZero,2.684,2.59938837920489
264,ZRO-USD,LayerZero,2.684,2.59938837920489
265,UNI-EUR,Uniswap,5.62,5.04672897196262
266,APE-USD,ApeCoin,0.654,2.99212598425197
267,APE-USDC,ApeCoin,0.654,2.99212598425197
268,NKN-USD,NKN,0.0351,0.86206896551724
269,NKN-USDC,NKN,0.0351,0.86206896551724
270,HONEY-USD,Hivemapper,0.0269,2.67175572519084
271,HONEY-USDC,Hivemapper,0.0269,2.67175572519084
272,TRAC-USD,OriginTrail,0.4919,10.2914798206278
273,TRAC-USDC,OriginTrail,0.4919,10.2914798206278
274,SAND-USD,The Sandbox,0.304,1.29956681106298
275,SAND-USDC,The Sandbox,0.304,1.29956681106298
276,DAI-USDC,Dai,0.9999,0.0
277,DAI-USD,Dai,0.9999,0.0
278,AMP-USDC,Amp,0.00457,0.21929824561404
279,AMP-USD,Amp,0.00457,0.21929824561404
280,SD-USDC,Stader,0.5436,1.49365197908887
281,SD-USD,Stader,0.5436,1.49365197908887
282,AVAX-EUR,Avalanche,20.23,2.27502527805865
283,ZRX-USD,0x Protocol,0.25899,1.86911476647865
284,ZRX-USDC,0x Protocol,0.25899,1.86911476647865
285,BAL-USDC,Balancer,1.1563,0.32101336109665
286,BAL-USD,Balancer,1.1563,0.32101336109665
287,AXL-USD,Axelar,0.3524,0.85861476817401
288,AXL-USDC,Axelar,0.3524,0.85861476817401
289,VVV-USD,Venice Token,3.37,-2.60115606936416
290,VVV-USDC,Venice Token,3.37,-2.60115606936416
291,FORT-USD,Forta,0.0688,3.3033033033033
292,FORT-USDC,Forta,0.0688,3.3033033033033
293,GFI-USD,Goldfinch Protocol,0.8682,-1.72062485850125
294,GFI-USDC,Goldfinch Protocol,0.8682,-1.72062485850125
295,ORCA-USDC,Orca,2.7131,4.3540136159083
296,ORCA-USD,Orca,2.7131,4.3540136159083
297,CVX-USDC,Convex Finance,3.175,3.1178954205911
298,CVX-USD,Convex Finance,3.175,3.1178954205911
299,COTI-USD,COTI,0.0685,0.0
300,COTI-USDC,COTI,0.0685,0.0
301,RONIN-USDC,Ronin,0.693,5.47945205479452
302,RONIN-USD,Ronin,0.693,5.47945205479452
303,AUCTION-USD,Bounce Token,11.71,0.51502145922747
304,AUCTION-USDC,Bounce Token,11.71,0.51502145922747
305,EDGE-USD,Definitive,0.1209,0.50710782276166
306,EDGE-USDC,Definitive,0.1209,0.50710782276166
307,ADA-GBP,Cardano,0.5569,0.41471330688785
308,SHIB-USDT,SHIBA INU,0.0000143,0.70422535211268
309,LINK-EUR,Chainlink,13.62,2.32907588279489
310,VELO-USDC,Velodrome Finance,0.05881,4.60690145855567
311,VELO-USD,Velodrome Finance,0.05881,4.60690145855567
312,ALGO-EUR,Algorand,0.1905,0.21041557075224
313,MINA-USDC,Mina,0.244,0.41152263374486
314,MINA-USD,Mina,0.244,0.41152263374486
315,LTC-EUR,Litecoin,83.33,-0.01199904007679
316,FX-USDC,Function X,0.1883,0.58760683760684
317,FX-USD,Function X,0.1883,0.58760683760684
318,NCT-USD,PolySwarm,0.02126,2.06433029284686
319,NCT-USDC,PolySwarm,0.02126,2.06433029284686
320,SPA-USDC,Sperax,0.01732,-0.04039937669533
321,SPA-USD,Sperax,0.01732,-0.04039937669533
322,SPELL-USD,Spell Token,0.0005935,0.28725920919229
323,SPELL-USDC,Spell Token,0.0005935,0.28725920919229
324,MANA-USD,Decentraland,0.3072,0.49067713444553
325,MANA-USDC,Decentraland,0.3072,0.49067713444553
326,ARKM-USD,Arkham,0.665,2.78207109737249
327,ARKM-USDC,Arkham,0.665,2.78207109737249
328,METIS-USD,Metis,19.15,0.63058328954283
329,METIS-USDC,Metis,19.15,0.63058328954283
330,MORPHO-USD,Morpho,1.4643,0.59769167353669
331,MORPHO-USDC,Morpho,1.4643,0.59769167353669
332,API3-USDC,Api3,0.776,2.78145695364238
333,API3-USD,Api3,0.776,2.78145695364238
334,CRV-EUR,Curve DAO Token,0.6585,0.07598784194529
335,BIGTIME-USD,Big Time,0.07215,0.74001675509634
336,BIGTIME-USDC,Big Time,0.07215,0.74001675509634
337,MOBILE-USDC,Helium Mobile,0.000517,-0.38535645472062
338,MOBILE-USD,Helium Mobile,0.000517,-0.38535645472062
339,GST-USDC,Green Satoshi Token,0.008671,-2.46344206974128
340,GST-USD,Green Satoshi Token,0.008671,-2.46344206974128
341,DOT-EUR,Polkadot,3.91,-0.25510204081633
342,YFI-USDC,yearn.finance,5582.61,0.63489316597535
343,YFI-USD,yearn.finance,5582.61,0.63489316597535
344,FIDA-USD,Bonfida,0.086,2.50297973778308
345,FIDA-USDC,Bonfida,0.086,2.50297973778308
346,SNX-USD,Synthetix Network Token,0.763,1.73333333333333
347,SNX-USDC,Synthetix Network Token,0.763,1.73333333333333
348,PAXG-USD,PAX Gold,3360.78,-0.56775651854898
349,PAXG-USDC,PAX Gold,3360.78,-0.56775651854898
350,HFT-USD,Hashflow,0.0726,5.83090379008746
351,HFT-USDC,Hashflow,0.0726,5.83090379008746
352,STRK-USD,Starknet Token,0.157,3.28947368421053
353,STRK-USDC,Starknet Token,0.157,3.28947368421053
354,SWELL-USD,SWELL,0.01,-0.59642147117296
355,SWELL-USDC,SWELL,0.01,-0.59642147117296
356,COMP-USD,Compound,41.85,1.03814582327378
357,COMP-USDC,Compound,41.85,1.03814582327378
358,RSR-USDC,Reserve Rights,0.008547,2.01718787300072
359,RSR-USD,Reserve Rights,0.008547,2.01718787300072
360,CVC-USD,Civic,0.1403,-0.42583392476934
361,CVC-USDC,Civic,0.1403,-0.42583392476934
362,MAGIC-USD,MAGIC,0.1622,5.80560991519896
363,MAGIC-USDC,MAGIC,0.1622,5.80560991519896
364,CLV-USDC,Clover Finance,0.0274,-2.49110320284698
365,CLV-USD,Clover Finance,0.0274,-2.49110320284698
366,00-USDC,00 Token,0.0188,0.53475935828877
367,00-USD,00 Token,0.0188,0.53475935828877
368,VTHO-USDC,VeThor Token,0.00243,-0.08223684210526
369,VTHO-USD,VeThor Token,0.00243,-0.08223684210526
370,MATH-USD,MATH,0.1332,2.06896551724138
371,MATH-USDC,MATH,0.1332,2.06896551724138
372,CLANKER-USD,tokenbot,30.68,1.42148760330579
373,CLANKER-USDC,tokenbot,30.68,1.42148760330579
374,ILV-USD,Illuvium,13.96,2.87398673544584
375,ILV-USDC,Illuvium,13.96,2.87398673544584
376,TRU-USDC,TrueFi,0.0408,-0.48780487804878
377,TRU-USD,TrueFi,0.0408,-0.48780487804878
378,LQTY-USDC,Liquity,0.8341,-2.08944711820636
379,LQTY-USD,Liquity,0.8341,-2.08944711820636
380,DIMO-USD,DIMO,0.06353,-0.43880269550227
381,DIMO-USDC,DIMO,0.06353,-0.43880269550227
382,WCFG-USDC,Wrapped Centrifuge,0.234,-2.9045643153527
383,WCFG-USD,Wrapped Centrifuge,0.234,-2.9045643153527
384,ANKR-USD,Ankr,0.01794,-0.27793218454697
385,ANKR-USDC,Ankr,0.01794,-0.27793218454697
386,GMT-USD,STEPN,0.0561,0.89928057553957
387,GMT-USDC,STEPN,0.0561,0.89928057553957
388,DIA-USD,DIA,0.46192,2.61696361132092
389,DIA-USDC,DIA,0.46192,2.61696361132092
390,T-USDC,Threshold,0.01715,0.82304526748971
391,T-USD,Threshold,0.01715,0.82304526748971
392,RED-USDC,Redstone,0.4126,2.53479125248509
393,RED-USD,Redstone,0.4126,2.53479125248509
394,LRDS-USD,Blocklords,0.1675,0.2393776181927
395,LRDS-USDC,Blocklords,0.1675,0.2393776181927
396,SHIB-GBP,SHIBA INU,0.00001053,0.66921606118547
397,DASH-USD,Dash,23.53,1.81739506707053
398,DASH-USDC,Dash,23.53,1.81739506707053
399,L3-USDC,Layer3,0.05117,5.20148026315789
400,L3-USD,Layer3,0.05117,5.20148026315789
401,ELA-USD,Elastos,1.414,-3.01783264746228
402,ELA-USDC,Elastos,1.414,-3.01783264746228
403,HIGH-USD,Highstreet,0.638,3.23624595469256
404,HIGH-USDC,Highstreet,0.638,3.23624595469256
405,KARRAT-USD,Karrat,0.0631,4.64344941956882
406,KARRAT-USDC,Karrat,0.0631,4.64344941956882
407,SEAM-USDC,Seamless,0.4793,1.39623439813835
408,SEAM-USD,Seamless,0.4793,1.39623439813835
409,XLM-EUR,Stellar Lumens,0.249925,-0.0116021347928
410,EGLD-USDC,MultiversX,17.86,2.05714285714286
411,EGLD-USD,MultiversX,17.86,2.05714285714286
412,CORECHAIN-USDC,Core,0.809,-0.97919216646267
413,CORECHAIN-USD,Core,0.809,-0.97919216646267
414,MATIC-EUR,Polygon,0.202,-0.78585461689587
415,AXS-USDC,Axie Infinity,2.793,1.67455405897343
416,AXS-USD,Axie Infinity,2.793,1.67455405897343
417,REZ-USD,Renzo,0.01327,-1.8491124260355
418,REZ-USDC,Renzo,0.01327,-1.8491124260355
419,DRIFT-USD,Drift Protocol,0.623,0.32206119162641
420,DRIFT-USDC,Drift Protocol,0.623,0.32206119162641
421,MNDE-USDC,Marinade,0.13164,2.212904728628
422,MNDE-USD,Marinade,0.13164,2.212904728628
423,NMR-USD,Numeraire,8.58,0.0
424,NMR-USDC,Numeraire,8.58,0.0
425,GRT-EUR,The Graph,0.0949,1.93340494092374
426,PERP-USDC,Perpetual Protocol,0.2702,1.73192771084337
427,PERP-USD,Perpetual Protocol,0.2702,1.73192771084337
428,NEON-USD,Neon EVM,0.13235,-1.27554826197225
429,NEON-USDC,Neon EVM,0.13235,-1.27554826197225
430,FAI-USDC,Freysa,0.01966,1.8125323666494
431,FAI-USD,Freysa,0.01966,1.8125323666494
432,LCX-USDC,LCX,0.1326,-0.89686098654709
433,LCX-USD,LCX,0.1326,-0.89686098654709
434,LPT-USD,Livepeer,5.42,2.45746691871456
435,LPT-USDC,Livepeer,5.42,2.45746691871456
436,GLM-USDC,Golem,0.26,0.23130300693909
437,GLM-USD,Golem,0.26,0.23130300693909
438,LINK-USDT,Chainlink,15.49,2.04216073781291
439,CGLD-USD,Celo,0.369,1.65289256198347
440,CGLD-USDC,Celo,0.369,1.65289256198347
441,ASM-USD,Assemble AI,0.02296,0.52539404553415
442,ASM-USDC,Assemble AI,0.02296,0.52539404553415
443,OXT-USD,Orchid,0.0623,2.97520661157025
444,OXT-USDC,Orchid,0.0623,2.97520661157025
445,PIRATE-USD,Pirate Nation Token,0.0618,2.14876033057851
446,PIRATE-USDC,Pirate Nation Token,0.0618,2.14876033057851
447,AVAX-USDT,Avalanche,23.02,2.08425720620843
448,ZEN-USD,Horizen,9.41,2.27149222910553
449,ZEN-USDC,Horizen,9.41,2.27149222910553
450,NEAR-USDT,NEAR Protocol,2.747,1.77843645794739
451,VARA-USD,Vara,0.00669,1.67173252279635
452,VARA-USDC,Vara,0.00669,1.67173252279635
453,PLU-USD,Pluton,0.77,1.31578947368421
454,PLU-USDC,Pluton,0.77,1.31578947368421
455,BLZ-USDC,Bluzelle,0.0416,0.0
456,BLZ-USD,Bluzelle,0.0416,0.0
457,ABT-USDC,Arcblock,0.9641,0.05188875051889
458,ABT-USD,Arcblock,0.9641,0.05188875051889
459,ZETA-USD,Zetachain,0.2496,0.60459492140266
460,ZETA-USDC,Zetachain,0.2496,0.60459492140266
461,ICP-USDT,Internet Computer,5.247,2.20101285547332
462,SHDW-USD,Shadow Token,0.118,-2.47933884297521
463,SHDW-USDC,Shadow Token,0.118,-2.47933884297521
464,BADGER-USD,Badger DAO,1.22,4.27350427350427
465,BADGER-USDC,Badger DAO,1.22,4.27350427350427
466,QI-USDC,BENQI,0.008123,-0.24560972614516
467,QI-USD,BENQI,0.008123,-0.24560972614516
468,LOKA-USD,League of Kingdoms Arena,0.0693,-0.28776978417266
469,LOKA-USDC,League of Kingdoms Arena,0.0693,-0.28776978417266
470,AGLD-USDC,Adventure Gold,0.8764,0.37796357805521
471,AGLD-USD,Adventure Gold,0.8764,0.37796357805521
472,AUDIO-USDC,Audius,0.0745,-0.53404539385848
473,AUDIO-USD,Audius,0.0745,-0.53404539385848
474,ATOM-EUR,Cosmos,4.182,0.26372572524574
475,ZK-USDC,ZKsync,0.06091,-0.47385620915033
476,ZK-USD,ZKsync,0.06091,-0.47385620915033
477,ME-USDC,Magic Eden,0.943,0.0
478,ME-USD,Magic Eden,0.943,0.0
479,ALICE-USD,MyNeighborAlice,0.461,2.21729490022173
480,ALICE-USDC,MyNeighborAlice,0.461,2.21729490022173
481,ERN-USDC,Ethernity Chain,1.645,-0.012156576708
482,ERN-USD,Ethernity Chain,1.645,-0.012156576708
483,GHST-USDC,Aavegotchi,0.456,0.66225165562914
484,GHST-USD,Aavegotchi,0.456,0.66225165562914
485,REQ-USD,Request,0.1419,-1.25260960334029
486,REQ-USDC,Request,0.1419,-1.25260960334029
487,AST-USDC,AirSwap,0.0447,2.99539170506912
488,AST-USD,AirSwap,0.0447,2.99539170506912
489,LTC-GBP,Litecoin,69.94,-0.01429592566119
490,POLS-USDC,Polkastarter,0.2278,0.70733863837312
491,POLS-USD,Polkastarter,0.2278,0.70733863837312
492,APE-USDT,ApeCoin,0.655,3.31230283911672
493,IOTX-USDC,IoTeX,0.02652,-0.22573363431151
494,IOTX-USD,IoTeX,0.02652,-0.22573363431151
495,BAT-USDC,Basic Attention Token,0.13984,-1.1032531824611
496,BAT-USD,Basic Attention Token,0.13984,-1.1032531824611
497,ALEO-USD,Aleo,0.19,0.52910052910053
498,ALEO-USDC,Aleo,0.19,0.52910052910053
499,CTSI-USDC,Cartesi,0.0723,0.55632823365786
500,CTSI-USD,Cartesi,0.0723,0.55632823365786
501,OMNI-USDC,Omni Network,2.68,3.07692307692308
502,OMNI-USD,Omni Network,2.68,3.07692307692308
503,ARPA-USDC,ARPA Chain,0.0244,0.82644628099174
504,ARPA-USD,ARPA Chain,0.0244,0.82644628099174
505,CELR-USDC,Celer Network,0.00934,-0.21367521367521
506,CELR-USD,Celer Network,0.00934,-0.21367521367521
507,BAND-USDC,Band Protocol,0.724,0.55555555555556
508,BAND-USD,Band Protocol,0.724,0.55555555555556
509,BLUR-USD,Blur,0.1014,0.29673590504451
510,BLUR-USDC,Blur,0.1014,0.29673590504451
511,RARI-USD,Rarible,1.19,4.3859649122807
512,RARI-USDC,Rarible,1.19,4.3859649122807
513,GNO-USDC,Gnosis,132.01,-0.07569449701007
514,GNO-USD,Gnosis,132.01,-0.07569449701007
515,SAND-USDT,The Sandbox,0.3038,1.13182423435419
516,PYR-USDC,Vulcan Forged PYR,1.142,-0.4359197907585
517,PYR-USD,Vulcan Forged PYR,1.142,-0.4359197907585
518,RPL-USD,Rocket Pool,4.72,1.72413793103448
519,RPL-USDC,Rocket Pool,4.72,1.72413793103448
520,ACS-USD,Access,0.0013917,1.008854695892
521,ACS-USDC,Access,0.0013917,1.008854695892
522,FORTH-USDC,Ampleforth Governance Token,2.4716,1.14585038467834
523,FORTH-USD,Ampleforth Governance Token,2.4716,1.14585038467834
524,PUNDIX-USDC,Pundi X (New),0.3843,1.55919661733615
525,PUNDIX-USD,Pundi X (New),0.3843,1.55919661733615
526,MUSE-USDC,Muse,8.554,-0.20998600093327
527,MUSE-USD,Muse,8.554,-0.20998600093327
528,ACX-USDC,Across Protocol,0.2241,-0.17817371937639
529,ACX-USD,Across Protocol,0.2241,-0.17817371937639
530,SHPING-USDC,SHPING,0.006384,1.81818181818182
531,SHPING-USD,SHPING,0.006384,1.81818181818182
532,KSM-USDC,Kusama,18.08,0.94919039642658
533,KSM-USD,Kusama,18.08,0.94919039642658
534,DOT-USDT,Polkadot,4.45,0.0
535,UMA-USDC,UMA,1.175,0.25597269624573
536,UMA-USD,UMA,1.175,0.25597269624573
537,BLAST-USDC,Blast,0.00316,0.95846645367412
538,BLAST-USD,Blast,0.00316,0.95846645367412
539,BICO-USDC,BICONOMY (BICO),0.1102,-0.89928057553957
540,BICO-USD,BICONOMY (BICO),0.1102,-0.89928057553957
541,POND-USDC,Marlin,0.01028,-4.19384902143523
542,POND-USD,Marlin,0.01028,-4.19384902143523
543,SNX-EUR,Synthetix Network Token,0.671,1.51285930408472
544,SUKU-USD,SUKU,0.033,0.60975609756098
545,SUKU-USDC,SUKU,0.033,0.60975609756098
546,CHZ-USD,Chiliz,0.0433,1.16822429906542
547,CHZ-USDC,Chiliz,0.0433,1.16822429906542
548,1INCH-USD,1inch,0.228,3.16742081447964
549,1INCH-USDC,1inch,0.228,3.16742081447964
550,INV-USD,Inverse Finance,28.53,4.77414616232097
551,INV-USDC,Inverse Finance,28.53,4.77414616232097
552,OSMO-USD,Osmosis,0.2323,0.91225021720243
553,OSMO-USDC,Osmosis,0.2323,0.91225021720243
554,OGN-USDC,Origin Token,0.06397,0.85133217720322
555,OGN-USD,Origin Token,0.06397,0.85133217720322
556,AVT-USDC,Aventus,1.69,2.42424242424242
557,AVT-USD,Aventus,1.69,2.42424242424242
558,ALEPH-USD,Aleph Cloud,0.0681,3.49544072948328
559,ALEPH-USDC,Aleph Cloud,0.0681,3.49544072948328
560,JASMY-USDT,Jasmy,0.01714,-0.40674026728646
561,GRT-GBP,The Graph,0.0802,2.68886043533931
562,AURORA-USD,Aurora,0.0903,1.23318385650224
563,AURORA-USDC,Aurora,0.0903,1.23318385650224
564,ALCX-USD,Alchemix,9.61,0.73375262054507
565,ALCX-USDC,Alchemix,9.61,0.73375262054507
566,DNT-USD,district0x,0.0302,1.68350168350168
567,DNT-USDC,district0x,0.0302,1.68350168350168
568,MATIC-GBP,Polygon,0.1699,0.0
569,KNC-USD,Kyber Network,0.3598,1.43783478996335
570,KNC-USDC,Kyber Network,0.3598,1.43783478996335
571,XLM-USDT,Stellar Lumens,0.2839,-0.03521126760563
572,ALGO-GBP,Algorand,0.1595,0.44080604534005
573,FARM-USD,Harvest Finance,30.41,0.42932628797886
574,FARM-USDC,Harvest Finance,30.41,0.42932628797886
575,OP-USDT,Optimism,0.755,2.86103542234332
576,RLC-USDC,iExec RLC,1.1574,1.17132867132867
577,RLC-USD,iExec RLC,1.1574,1.17132867132867
578,ALT-USD,Altlayer,0.0314,3.32346166502139
579,ALT-USDC,Altlayer,0.0314,3.32346166502139
580,MANTLE-USD,Mantle,0.7353,-0.13581420616596
581,MANTLE-USDC,Mantle,0.7353,-0.13581420616596
582,FLOW-USDC,Flow,0.391,-0.25510204081633
583,FLOW-USD,Flow,0.391,-0.25510204081633
584,HOPR-USDC,HOPR,0.049,1.2396694214876
585,HOPR-USD,HOPR,0.049,1.2396694214876
586,SNX-GBP,Synthetix Network Token,0.561,1.08108108108108
587,G-USDC,Gravity,0.01447,0.0
588,G-USD,Gravity,0.01447,0.0
589,FIS-USDC,StaFi,0.1564,-0.8871989860583
590,FIS-USD,StaFi,0.1564,-0.8871989860583
591,ETC-EUR,Ethereum Classic,15.95,-0.12523481527865
592,CHZ-EUR,Chiliz,0.0379,0.53050397877984
593,STORJ-USDC,Storj,0.2879,0.27864855451062
594,STORJ-USD,Storj,0.2879,0.27864855451062
595,MLN-USD,Enzyme,8.1,1.12359550561798
596,MLN-USDC,Enzyme,8.1,1.12359550561798
597,TNSR-USDC,Tensor,0.147,0.0
598,TNSR-USD,Tensor,0.147,0.0
599,C98-USD,Coin98,0.0585,2.63157894736842
600,C98-USDC,Coin98,0.0585,2.63157894736842
601,STG-USD,Stargate Finance,0.1945,2.42232754081095
602,STG-USDC,Stargate Finance,0.1945,2.42232754081095
603,MDT-USD,Measurable Data Token,0.02872,0.70126227208976
604,MDT-USDC,Measurable Data Token,0.02872,0.70126227208976
605,STX-USDT,Stacks,0.8808,2.0034742327736
606,TIME-USD,Chrono.tech,12.77,-1.31375579598145
607,TIME-USDC,Chrono.tech,12.77,-1.31375579598145
608,FOX-USDC,Shapeshift FOX Token,0.0291,0.69204152249135
609,FOX-USD,Shapeshift FOX Token,0.0291,0.69204152249135
610,APE-EUR,ApeCoin,0.572,2.69299820466786
611,EOS-EUR,EOS,0.6426,-2.88650445821369
612,KAVA-USDC,Kava,0.4156,-1.07117353011188
613,KAVA-USD,Kava,0.4156,-1.07117353011188
614,CTX-USDC,Cryptex Finance,1.9045,2.19467696930672
615,CTX-USD,Cryptex Finance,1.9045,2.19467696930672
616,CRV-GBP,Curve DAO Token,0.5529,0.21750951604133
617,MASK-EUR,Mask Network,1.65,13.79310344827586
618,DOT-GBP,Polkadot,3.29,0.0
619,ICP-GBP,Internet Computer,3.872,2.29854689564069
620,BCH-GBP,Bitcoin Cash,305.52,0.04256851894299
621,WAXL-USD,Wrapped Axelar,0.3531,2.081526452732
622,WAXL-USDC,Wrapped Axelar,0.3531,2.081526452732
623,RNDR-EUR,Render (ERC-20),4.1982,3.53144266337855
624,QNT-USDT,Quant,99.8,6.70373142307281
625,ATOM-USDT,Cosmos,4.747,0.23226351351351
626,ROSE-USDT,Oasis Network,0.0331,5.07936507936508
627,GTC-USDC,Gitcoin,0.29,3.57142857142857
628,GTC-USD,Gitcoin,0.29,3.57142857142857
629,KRL-USDC,Kryll,0.35,-0.05711022272987
630,KRL-USD,Kryll,0.35,-0.05711022272987
631,A8-USD,Ancient8,0.1304,1.32090132090132
632,A8-USDC,Ancient8,0.1304,1.32090132090132
633,INDEX-USD,Index Cooperative,1.41,3.67647058823529
634,INDEX-USDC,Index Cooperative,1.41,3.67647058823529
635,MANA-EUR,Decentraland,0.27,-0.3690036900369
636,MSOL-USDC,Marinade Staked SOL,225.56,0.99852236600546
637,MSOL-USD,Marinade Staked SOL,225.56,0.99852236600546
638,IDEX-USDC,IDEX,0.0248,0.8130081300813
639,IDEX-USD,IDEX,0.0248,0.8130081300813
640,MASK-GBP,Mask Network,1.4,15.13157894736842
641,ETC-GBP,Ethereum Classic,13.4,0.37453183520599
642,ZETACHAIN-USDC,Zetachain,0.2487,1.13867425782839
643,ZETACHAIN-USD,Zetachain,0.2487,1.13867425782839
644,ICP-EUR,Internet Computer,4.614,2.39680426098535
645,BNT-USDC,Bancor Network Token,0.6875,0.77689827030196
646,BNT-USD,Bancor Network Token,0.6875,0.77689827030196
647,ATOM-GBP,Cosmos,3.511,0.45779685264664
648,CGLD-GBP,Celo,0.273,-1.08695652173913
649,APT-USDT,Aptos,5.28,2.52427184466019
650,AXS-USDT,Axie Infinity,2.791,1.56477438136827
651,LRC-USDT,Loopring,0.0999,0.70564516129032
652,MATIC-USDT,Polygon,0.23,0.0
653,BTRST-USDC,Braintrust,0.266,0.37735849056604
654,BTRST-USD,Braintrust,0.266,0.37735849056604
655,MINA-EUR,Mina,0.216,0.93457943925234
656,RAD-USDC,Radworks,0.75,0.0
657,RAD-USD,Radworks,0.75,0.0
658,1INCH-EUR,1inch,0.2,3.09278350515464
659,POWR-USDC,Powerledger,0.1764,-0.39525691699605
660,POWR-USD,Powerledger,0.1764,-0.39525691699605
661,RBN-USDC,Ribbon Finance,0.14767,-0.01354187825851
662,RBN-USD,Ribbon Finance,0.14767,-0.01354187825851
663,FIL-EUR,Filecoin,2.44,0.0
664,MASK-USDT,Mask Network,1.89,15.24390243902439
665,IMX-USDT,Immutable,0.633,2.5599481529488
666,GMT-USDT,STEPN,0.0561,0.7181328545781
667,DEXT-USDC,DEXTools,0.3047,0.89403973509934
668,DEXT-USD,DEXTools,0.3047,0.89403973509934
669,CRO-USDT,Cronos,0.0965,1.04712041884817
670,CHZ-USDT,Chiliz,0.0431,1.17370892018779
671,ENS-USDT,Ethereum Name Service,21.79,-0.32021957913998
672,XTZ-GBP,Tezos,0.447,-1.54185022026432
673,CRO-EUR,Cronos,0.0852,1.54946364719905
674,MINA-USDT,Mina,0.249,2.89256198347107
675,AXS-EUR,Axie Infinity,2.45,1.6597510373444
676,FIL-GBP,Filecoin,2.06,0.48780487804878
677,ENS-EUR,Ethereum Name Service,19.11,-0.26096033402923
678,1INCH-GBP,1inch,0.168,3.06748466257669
679,LSETH-USD,Liquid Staked ETH,2733.24,-0.11876527961001
680,LSETH-USDC,Liquid Staked ETH,2733.24,-0.11876527961001
681,CHZ-GBP,Chiliz,0.0318,1.27388535031847
682,ANKR-EUR,Ankr,0.01578,-0.25284450063211
683,BAT-EUR,Basic Attention Token,0.12283,-1.03931679020303
684,XTZ-EUR,Tezos,0.54,0.0
685,FLOW-USDT,Flow,0.395,-0.50377833753149
686,CGLD-EUR,Celo,0.33,3.125
687,SOL-ETH,Solana,0.06852,0.42503297669647
688,CBETH-ETH,Coinbase Wrapped Staked ETH,1.0997,0.02091917014562
689,PAX-USD,Paxos Standard,0.9993,-0.51767048282728
690,PAX-USDC,Paxos Standard,0.9993,-0.51767048282728
691,ETH-BTC,Ethereum,0.02331,-0.46968403074295
692,LINK-ETH,Chainlink,0.00610016,1.75871140151433
693,SOL-BTC,Solana,0.0015976,-0.13127461399012
694,AAVE-BTC,Aave,0.002447,-0.68993506493506
695,AVAX-BTC,Avalanche,0.00021115,1.01420848682007
696,ANKR-GBP,Ankr,0.01327,-0.74794315632012
697,DOGE-BTC,Dogecoin,0.00000206,0.98039215686275
698,BCH-BTC,Bitcoin Cash,0.003801,-1.50298004664421
699,UNI-BTC,Uniswap,0.0000589,4.99108734402852
700,LTC-BTC,Litecoin,0.00087,-1.02389078498294
701,DOT-BTC,Polkadot,0.0000408,-1.21065375302663
702,ADA-ETH,Cardano,0.000298,0.33670033670034
703,ADA-BTC,Cardano,0.00000692,-0.43165467625899
704,CRV-BTC,Curve DAO Token,0.0000069,0.0
705,MATIC-BTC,Polygon,0.00000211,-1.4018691588785
706,ATOM-BTC,Cosmos,0.0000437,0.0
707,LINK-BTC,Chainlink,0.00014175,1.15606936416185
708,BAT-ETH,Basic Attention Token,0.00005527,-1.61979352082592
709,XTZ-BTC,Tezos,0.00000557,-0.53571428571429
710,EOS-BTC,EOS,0.00000705,1.29310344827586
711,ICP-BTC,Internet Computer,0.0000481,0.83857442348008
712,XLM-BTC,Stellar Lumens,0.00000261,-0.76045627376426
713,GRT-BTC,The Graph,0.000001,2.04081632653061
714,YFI-BTC,yearn.finance,0.0513,0.78585461689587
715,LSETH-ETH,Liquid Staked ETH,1.07876,0.00092699884125
716,FIL-BTC,Filecoin,0.00002534,-2.04870506378044
717,ALGO-BTC,Algorand,0.00000198,-0.50251256281407
718,LRC-BTC,Loopring,0.00000091,-3.19148936170213
719,COMP-BTC,Compound,0.000382,-1.54639175257732
720,BAT-BTC,Basic Attention Token,0.00000128,-3.03030303030303
721,AXS-BTC,Axie Infinity,0.0000257,0.7843137254902
722,MKR-BTC,Maker,0.01482,-1.26582278481013
723,DASH-BTC,Dash,0.000214,-1.38248847926267
724,MANA-ETH,Decentraland,0.0001212,-1.70316301703163
725,ETC-BTC,Ethereum Classic,0.000166,-1.19047619047619
726,SNX-BTC,Synthetix Network Token,0.0000071,-1.38888888888889
